{
  "target": 0.958704870238184,
  "params": {
    "T": 0.15270411110145313,
    "d": 1.4427811588707138,
    "h": 0.12919933723405877
  }
}